{"stats":{"minecraft:killed":{"minecraft:cave_spider":1,"minecraft:spider":6,"minecraft:skeleton":6,"minecraft:silverfish":1,"minecraft:magma_cube":7,"minecraft:piglin":4,"minecraft:pig":2,"minecraft:salmon":8,"minecraft:zombie":9,"minecraft:wither_skeleton":6,"minecraft:enderman":7,"minecraft:blaze":8,"minecraft:cow":60},"minecraft:broken":{"minecraft:shield":1,"minecraft:iron_pickaxe":1},"minecraft:mined":{"minecraft:tuff":1,"minecraft:white_bed":3,"minecraft:mossy_cobblestone":17,"minecraft:deepslate_diamond_ore":40,"minecraft:nether_bricks":21,"minecraft:grass_block":3,"minecraft:spawner":2,"minecraft:hay_block":13,"minecraft:magma_block":5,"minecraft:furnace":1,"minecraft:carrots":11,"minecraft:iron_ore":20,"minecraft:fire":29,"minecraft:andesite":3,"minecraft:nether_brick_fence":4,"minecraft:pointed_dripstone":1,"minecraft:bookshelf":18,"minecraft:potatoes":6,"minecraft:deepslate_iron_ore":12,"minecraft:rail":1,"minecraft:packed_ice":1,"minecraft:bamboo":6,"minecraft:stone":102,"minecraft:deepslate_redstone_ore":12,"minecraft:blackstone":4,"minecraft:infested_stone_bricks":2,"minecraft:basalt":4,"minecraft:stone_brick_slab":3,"minecraft:powder_snow":4,"minecraft:crafting_table":3,"minecraft:short_grass":73,"minecraft:emerald_ore":1,"minecraft:poppy":1,"minecraft:melon":14,"minecraft:copper_ore":1,"minecraft:tall_grass":3,"minecraft:nether_quartz_ore":412,"minecraft:cobblestone":2,"minecraft:deepslate_gold_ore":12,"minecraft:sugar_cane":3,"minecraft:diorite":3,"minecraft:iron_door":6,"minecraft:wall_torch":1,"minecraft:chain":1,"minecraft:wheat":22,"minecraft:yellow_bed":3,"minecraft:coal_ore":69,"minecraft:oak_log":5,"minecraft:beetroots":3,"minecraft:dripstone_block":1,"minecraft:dirt":1,"minecraft:cobweb":25,"minecraft:cracked_stone_bricks":1,"minecraft:stone_bricks":4,"minecraft:netherrack":1016,"minecraft:mossy_stone_bricks":1,"minecraft:gold_ore":1,"minecraft:fern":26,"minecraft:oak_leaves":12,"minecraft:deepslate":38},"minecraft:dropped":{"minecraft:iron_ingot":1,"minecraft:clock":1,"minecraft:mossy_cobblestone":10,"minecraft:leather":7,"minecraft:rail":1,"minecraft:coal":1,"minecraft:dirt":49,"minecraft:iron_door":6,"minecraft:cobbled_deepslate":1,"minecraft:raw_copper":47,"minecraft:oak_planks":5,"minecraft:salmon":8,"minecraft:carrot":11,"minecraft:shield":1,"minecraft:diamond_pickaxe":1,"minecraft:magma_block":3},"minecraft:used":{"minecraft:stone_sword":95,"minecraft:chest":2,"minecraft:shield":36,"minecraft:iron_sword":121,"minecraft:cooked_chicken":3,"minecraft:netherrack":118,"minecraft:torch":50,"minecraft:dirt":6,"minecraft:nether_bricks":1,"minecraft:carrot":23,"minecraft:iron_axe":17,"minecraft:diamond_chestplate":1,"minecraft:bow":21,"minecraft:furnace":2,"minecraft:beetroot_seeds":3,"minecraft:egg":3,"minecraft:cooked_beef":71,"minecraft:potato":5,"minecraft:cobbled_deepslate":19,"minecraft:wheat_seeds":21,"minecraft:water_bucket":43,"minecraft:diorite":2,"minecraft:diamond_boots":1,"minecraft:stone_pickaxe":115,"minecraft:oak_planks":24,"minecraft:baked_potato":9,"minecraft:wooden_pickaxe":11,"minecraft:crafting_table":3,"minecraft:white_bed":1,"minecraft:diamond_pickaxe":1267,"minecraft:bread":41,"minecraft:iron_pickaxe":440,"minecraft:diamond_sword":209,"minecraft:wooden_sword":6,"minecraft:cobblestone":22,"minecraft:cooked_porkchop":5,"minecraft:bucket":44,"minecraft:oak_boat":5},"minecraft:crafted":{"minecraft:wooden_sword":1,"minecraft:oak_planks":20,"minecraft:iron_nugget":9,"minecraft:blaze_powder":4,"minecraft:cooked_chicken":3,"minecraft:furnace":1,"minecraft:diamond_helmet":1,"minecraft:bow":1,"minecraft:diamond_leggings":1,"minecraft:iron_axe":1,"minecraft:stone_pickaxe":3,"minecraft:chest":2,"minecraft:diamond_boots":1,"minecraft:wheat":117,"minecraft:cooked_beef":93,"minecraft:diamond_sword":1,"minecraft:wooden_pickaxe":1,"minecraft:baked_potato":9,"minecraft:iron_sword":1,"minecraft:bucket":1,"minecraft:bread":45,"minecraft:air":0,"minecraft:oak_boat":1,"minecraft:diamond_pickaxe":1,"minecraft:golden_apple":1,"minecraft:shield":2,"minecraft:stick":20,"minecraft:iron_ingot":21,"minecraft:iron_pickaxe":3,"minecraft:stone_sword":2,"minecraft:gold_ingot":13,"minecraft:diamond_chestplate":1},"minecraft:killed_by":{"minecraft:zombified_piglin":1,"minecraft:creeper":1,"minecraft:enderman":2,"minecraft:piglin":1,"minecraft:skeleton":3,"minecraft:blaze":3,"minecraft:zombie":1},"minecraft:custom":{"minecraft:interact_with_anvil":2,"minecraft:mob_kills":129,"minecraft:animals_bred":7,"minecraft:interact_with_crafting_table":44,"minecraft:leave_game":2,"minecraft:time_since_death":116398,"minecraft:climb_one_cm":1279,"minecraft:sprint_one_cm":1365019,"minecraft:walk_one_cm":526289,"minecraft:damage_blocked_by_shield":2991,"minecraft:drop":17,"minecraft:talked_to_villager":14,"minecraft:play_time":382155,"minecraft:deaths":15,"minecraft:sneak_time":18825,"minecraft:walk_under_water_one_cm":21181,"minecraft:boat_one_cm":30526,"minecraft:jump":11061,"minecraft:enchant_item":6,"minecraft:walk_on_water_one_cm":47181,"minecraft:total_world_time":382155,"minecraft:interact_with_furnace":73,"minecraft:interact_with_cartography_table":1,"minecraft:interact_with_grindstone":5,"minecraft:sleep_in_bed":8,"minecraft:time_since_rest":61980,"minecraft:damage_taken":12262,"minecraft:damage_dealt":17190,"minecraft:swim_one_cm":142489,"minecraft:fly_one_cm":2664902,"minecraft:open_chest":218,"minecraft:crouch_one_cm":52234,"minecraft:fall_one_cm":361065,"minecraft:horse_one_cm":21272},"minecraft:picked_up":{"minecraft:crafting_table":4,"minecraft:wheat":22,"minecraft:brown_mushroom":1,"minecraft:chain":1,"minecraft:shield":1,"minecraft:string":24,"minecraft:oak_trapdoor":1,"minecraft:raw_copper":47,"minecraft:blackstone":3,"minecraft:beetroot":3,"minecraft:cobbled_deepslate":36,"minecraft:beef":91,"minecraft:oak_boat":4,"minecraft:melon_slice":73,"minecraft:sugar_cane":5,"minecraft:egg":5,"minecraft:furnace":1,"minecraft:raw_iron":36,"minecraft:copper_ingot":1,"minecraft:torch":1,"minecraft:diorite":2,"minecraft:carrot":46,"minecraft:redstone":99,"minecraft:arrow":10,"minecraft:rotten_flesh":14,"minecraft:beetroot_seeds":10,"minecraft:nether_bricks":1,"minecraft:hay_block":13,"minecraft:white_terracotta":1,"minecraft:blaze_rod":2,"minecraft:rail":1,"minecraft:cobblestone":94,"minecraft:magma_block":3,"minecraft:cooked_beef":30,"minecraft:clock":1,"minecraft:basalt":5,"minecraft:iron_door":6,"minecraft:andesite":1,"minecraft:salmon":16,"minecraft:leather":38,"minecraft:potato":16,"minecraft:birch_planks":31,"minecraft:tuff":1,"minecraft:oak_log":5,"minecraft:yellow_bed":3,"minecraft:wither_skeleton_skull":1,"minecraft:dirt":56,"minecraft:bone":21,"minecraft:wheat_seeds":67,"minecraft:raw_gold":13,"minecraft:iron_ingot":6,"minecraft:oak_fence_gate":1,"minecraft:bamboo":43,"minecraft:oak_planks":6,"minecraft:book":48,"minecraft:cooked_porkchop":5,"minecraft:stone_brick_slab":3,"minecraft:quartz":479,"minecraft:dandelion":1,"minecraft:white_bed":3,"minecraft:grass_block":2,"minecraft:mossy_cobblestone":10,"minecraft:diamond":65,"minecraft:bone_meal":1,"minecraft:emerald":3,"minecraft:netherrack":608,"minecraft:coal":94,"minecraft:diamond_pickaxe":1,"minecraft:ender_pearl":4}},"DataVersion":3839}