{"stats":{"minecraft:killed":{"minecraft:cave_spider":3,"minecraft:spider":6,"minecraft:skeleton":40,"minecraft:chicken":6,"minecraft:silverfish":2,"minecraft:magma_cube":11,"minecraft:piglin":1,"minecraft:pig":11,"minecraft:zombie_villager":2,"minecraft:iron_golem":3,"minecraft:creeper":22,"minecraft:sheep":11,"minecraft:trader_llama":2,"minecraft:zombie":48,"minecraft:blaze":6,"minecraft:cow":2,"minecraft:slime":7,"minecraft:horse":1,"minecraft:drowned":2,"minecraft:wandering_trader":1,"minecraft:wither_skeleton":4,"minecraft:enderman":3},"minecraft:broken":{"minecraft:stone_axe":1,"minecraft:shield":1,"minecraft:iron_axe":3},"minecraft:mined":{"minecraft:white_bed":8,"minecraft:farmland":52,"minecraft:cobblestone_stairs":13,"minecraft:brewing_stand":4,"minecraft:obsidian":18,"minecraft:granite":22,"minecraft:grass_block":2822,"minecraft:deepslate_bricks":31,"minecraft:soul_soil":1,"minecraft:hopper":4,"minecraft:composter":6,"minecraft:spawner":3,"minecraft:smooth_stone":8,"minecraft:iron_ore":67,"minecraft:cobbled_deepslate":32,"minecraft:fire":11,"minecraft:pumpkin":4,"minecraft:fletching_table":4,"minecraft:deepslate_lapis_ore":19,"minecraft:azure_bluet":2,"minecraft:pointed_dripstone":1,"minecraft:dirt_path":582,"minecraft:oak_stairs":2,"minecraft:deepslate_redstone_ore":59,"minecraft:blackstone":21,"minecraft:clay":4,"minecraft:torch":1,"minecraft:blast_furnace":3,"minecraft:chest":2,"minecraft:nether_quartz_ore":95,"minecraft:cobblestone":265,"minecraft:sugar_cane":35,"minecraft:grindstone":1,"minecraft:oak_planks":12,"minecraft:bricks":2,"minecraft:iron_door":2,"minecraft:wall_torch":4,"minecraft:white_terracotta":47,"minecraft:chain":1,"minecraft:powered_rail":4,"minecraft:birch_log":29,"minecraft:wheat":31,"minecraft:activator_rail":7,"minecraft:stripped_oak_wood":3,"minecraft:oak_log":125,"minecraft:beetroots":8,"minecraft:oak_fence_gate":2,"minecraft:dirt":3255,"minecraft:stonecutter":1,"minecraft:netherrack":12,"minecraft:oak_leaves":7,"minecraft:deepslate":676,"minecraft:crying_obsidian":3,"minecraft:tuff":28,"minecraft:mossy_cobblestone":33,"minecraft:deepslate_diamond_ore":126,"minecraft:nether_bricks":4,"minecraft:cobbled_deepslate_slab":38,"minecraft:spruce_leaves":29,"minecraft:hay_block":51,"minecraft:redstone_ore":4,"minecraft:oak_trapdoor":6,"minecraft:furnace":1,"minecraft:carrots":53,"minecraft:andesite":44,"minecraft:bell":1,"minecraft:bookshelf":1,"minecraft:potatoes":164,"minecraft:deepslate_iron_ore":80,"minecraft:rail":64,"minecraft:stone":603,"minecraft:bone_block":29,"minecraft:podzol":3,"minecraft:glass_pane":19,"minecraft:basalt":74,"minecraft:observer":3,"minecraft:dandelion":2,"minecraft:oak_fence":26,"minecraft:crafting_table":8,"minecraft:short_grass":166,"minecraft:lectern":25,"minecraft:stone_slab":1,"minecraft:tall_grass":26,"minecraft:copper_ore":14,"minecraft:deepslate_coal_ore":2,"minecraft:lapis_ore":11,"minecraft:deepslate_gold_ore":28,"minecraft:diorite":52,"minecraft:birch_planks":9,"minecraft:cobblestone_wall":1,"minecraft:spruce_log":1513,"minecraft:birch_leaves":2,"minecraft:yellow_bed":3,"minecraft:coal_ore":77,"minecraft:gravel":56,"minecraft:dripstone_block":9,"minecraft:terracotta":2,"minecraft:stone_bricks":1,"minecraft:iron_trapdoor":5,"minecraft:fern":1},"minecraft:dropped":{"minecraft:birch_planks":31,"minecraft:crafting_table":1,"minecraft:cooked_porkchop":5,"minecraft:dirt":10,"minecraft:cornflower":2,"minecraft:pointed_dripstone":2,"minecraft:beetroot":1,"minecraft:rotten_flesh":1,"minecraft:azure_bluet":2,"minecraft:carrot":65,"minecraft:poppy":1,"minecraft:gunpowder":4,"minecraft:beetroot_seeds":2,"minecraft:hopper":1,"minecraft:chainmail_boots":8,"minecraft:quartz":2,"minecraft:water_bucket":1,"minecraft:iron_ingot":5,"minecraft:bread":148,"minecraft:wheat_seeds":9,"minecraft:dripstone_block":2,"minecraft:cobblestone":24,"minecraft:granite":10,"minecraft:activator_rail":5,"minecraft:copper_ingot":1,"minecraft:stick":1,"minecraft:oxeye_daisy":1,"minecraft:diorite":25,"minecraft:iron_axe":1,"minecraft:dandelion":13,"minecraft:soul_soil":1,"minecraft:iron_boots":8,"minecraft:cobbled_deepslate_slab":29,"minecraft:deepslate_bricks":17,"minecraft:potato":95,"minecraft:andesite":10,"minecraft:oak_sapling":2},"minecraft:used":{"minecraft:beetroot":4,"minecraft:iron_shovel":24,"minecraft:dispenser":11,"minecraft:poppy":1,"minecraft:chest":29,"minecraft:shield":90,"minecraft:bell":1,"minecraft:rotten_flesh":1,"minecraft:carrot":157,"minecraft:tuff":5,"minecraft:obsidian":23,"minecraft:glass":331,"minecraft:hopper_minecart":6,"minecraft:stone_bricks":1,"minecraft:repeater":45,"minecraft:furnace":2,"minecraft:egg":7,"minecraft:potato":297,"minecraft:diorite":12,"minecraft:powered_rail":8,"minecraft:stone_pickaxe":59,"minecraft:oak_planks":1,"minecraft:blackstone":16,"minecraft:wooden_pickaxe":9,"minecraft:composter":2,"minecraft:diamond_axe":373,"minecraft:blast_furnace":3,"minecraft:lever":1,"minecraft:melon_slice":2,"minecraft:bread":4,"minecraft:lectern":25,"minecraft:gravel":44,"minecraft:diamond_sword":171,"minecraft:grindstone":2,"minecraft:andesite":7,"minecraft:bone_meal":281,"minecraft:enchanting_table":1,"minecraft:stone_sword":14,"minecraft:flint_and_steel":43,"minecraft:redstone":3,"minecraft:stone_hoe":39,"minecraft:netherrack":1,"minecraft:torch":67,"minecraft:brewing_stand":2,"minecraft:dirt":1296,"minecraft:anvil":1,"minecraft:hopper":55,"minecraft:granite":9,"minecraft:iron_hoe":162,"minecraft:wooden_axe":25,"minecraft:bookshelf":16,"minecraft:iron_axe":1547,"minecraft:basalt":31,"minecraft:glowstone":9,"minecraft:iron_trapdoor":13,"minecraft:minecart":4,"minecraft:cooked_beef":2,"minecraft:cobbled_deepslate":972,"minecraft:observer":17,"minecraft:cooked_mutton":15,"minecraft:water_bucket":170,"minecraft:birch_planks":9,"minecraft:baked_potato":45,"minecraft:stonecutter":1,"minecraft:fletching_table":6,"minecraft:deepslate_bricks":85,"minecraft:mossy_cobblestone":1,"minecraft:rail":108,"minecraft:comparator":1,"minecraft:crafting_table":10,"minecraft:white_bed":12,"minecraft:spruce_log":6,"minecraft:activator_rail":8,"minecraft:diamond_pickaxe":2526,"minecraft:apple":6,"minecraft:diamond_shovel":6781,"minecraft:iron_pickaxe":209,"minecraft:stone_slab":2,"minecraft:spruce_sapling":79,"minecraft:stone_axe":145,"minecraft:cobblestone":55,"minecraft:cobbled_deepslate_slab":2506,"minecraft:cooked_porkchop":12,"minecraft:bucket":51,"minecraft:yellow_bed":5},"minecraft:crafted":{"minecraft:grindstone":1,"minecraft:oak_planks":392,"minecraft:blaze_powder":6,"minecraft:cooked_chicken":2,"minecraft:birch_slab":6,"minecraft:stone":102,"minecraft:lever":1,"minecraft:diamond_shovel":2,"minecraft:bookshelf":18,"minecraft:cooked_mutton":15,"minecraft:glass":96,"minecraft:hopper":21,"minecraft:repeater":22,"minecraft:diamond_helmet":1,"minecraft:bow":10,"minecraft:diamond_leggings":1,"minecraft:iron_boots":9,"minecraft:comparator":1,"minecraft:chest":42,"minecraft:rail":48,"minecraft:stone_hoe":1,"minecraft:dropper":8,"minecraft:emerald":388,"minecraft:cooked_porkchop":18,"minecraft:diamond_axe":1,"minecraft:crafting_table":4,"minecraft:spruce_planks":5980,"minecraft:wooden_pickaxe":1,"minecraft:baked_potato":89,"minecraft:hopper_minecart":4,"minecraft:fletching_table":3,"minecraft:birch_planks":116,"minecraft:dispenser":10,"minecraft:lectern":2,"minecraft:book":3,"minecraft:paper":12,"minecraft:diamond_pickaxe":3,"minecraft:shield":2,"minecraft:stick":12164,"minecraft:stone_slab":6,"minecraft:iron_ingot":181,"minecraft:iron_pickaxe":1,"minecraft:iron_block":3,"minecraft:redstone_torch":64,"minecraft:cobbled_deepslate_slab":2424,"minecraft:redstone":28,"minecraft:furnace":1,"minecraft:bone_meal":327,"minecraft:lantern":15,"minecraft:iron_axe":5,"minecraft:iron_hoe":1,"minecraft:spruce_slab":6,"minecraft:stone_pickaxe":1,"minecraft:diamond_boots":1,"minecraft:minecart":5,"minecraft:wheat":450,"minecraft:cooked_beef":3,"minecraft:diamond_sword":1,"minecraft:iron_trapdoor":8,"minecraft:enchanting_table":1,"minecraft:bucket":1,"minecraft:stone_axe":2,"minecraft:glowstone":20,"minecraft:enchanted_book":2,"minecraft:bread":150,"minecraft:air":0,"minecraft:chainmail_boots":8,"minecraft:wooden_axe":1,"minecraft:iron_shovel":1,"minecraft:iron_leggings":1,"minecraft:stonecutter":1,"minecraft:anvil":1,"minecraft:white_bed":3,"minecraft:torch":64,"minecraft:lapis_lazuli":24,"minecraft:diamond_chestplate":1},"minecraft:killed_by":{"minecraft:wither_skeleton":1,"minecraft:blaze":1,"minecraft:zombie":1,"minecraft:iron_golem":1,"minecraft:skeleton":1},"minecraft:custom":{"minecraft:animals_bred":36,"minecraft:interact_with_crafting_table":95,"minecraft:bell_ring":23,"minecraft:leave_game":4,"minecraft:time_since_death":69102,"minecraft:sprint_one_cm":2212048,"minecraft:damage_blocked_by_shield":4672,"minecraft:drop":160,"minecraft:talked_to_villager":142,"minecraft:play_time":743108,"minecraft:deaths":8,"minecraft:jump":12827,"minecraft:walk_on_water_one_cm":72164,"minecraft:enchant_item":12,"minecraft:interact_with_furnace":60,"minecraft:traded_with_villager":522,"minecraft:sleep_in_bed":28,"minecraft:damage_dealt":28776,"minecraft:crouch_one_cm":355695,"minecraft:inspect_dispenser":10,"minecraft:mob_kills":199,"minecraft:interact_with_anvil":3,"minecraft:inspect_hopper":25,"minecraft:climb_one_cm":3577,"minecraft:walk_one_cm":698691,"minecraft:sneak_time":102551,"minecraft:walk_under_water_one_cm":37336,"minecraft:interact_with_blast_furnace":15,"minecraft:total_world_time":743108,"minecraft:interact_with_grindstone":6,"minecraft:interact_with_stonecutter":2,"minecraft:time_since_rest":49374,"minecraft:damage_taken":7420,"minecraft:swim_one_cm":150642,"minecraft:fly_one_cm":3633287,"minecraft:open_chest":464,"minecraft:fall_one_cm":380011},"minecraft:picked_up":{"minecraft:wheat":31,"minecraft:iron_trapdoor":4,"minecraft:stone_slab":2,"minecraft:lead":2,"minecraft:oak_stairs":2,"minecraft:brewing_stand":4,"minecraft:string":47,"minecraft:raw_copper":84,"minecraft:soul_soil":1,"minecraft:beetroot":8,"minecraft:activator_rail":4,"minecraft:smooth_stone":8,"minecraft:cobbled_deepslate":882,"minecraft:hopper_minecart":1,"minecraft:iron_pickaxe":1,"minecraft:furnace":1,"minecraft:stick":115,"minecraft:composter":6,"minecraft:oak_fence":26,"minecraft:torch":39,"minecraft:porkchop":30,"minecraft:pointed_dripstone":7,"minecraft:diorite":70,"minecraft:rotten_flesh":45,"minecraft:white_terracotta":43,"minecraft:blaze_rod":3,"minecraft:obsidian":18,"minecraft:cobblestone":857,"minecraft:birch_log":29,"minecraft:feather":4,"minecraft:magma_cream":1,"minecraft:iron_door":2,"minecraft:water_bucket":1,"minecraft:andesite":49,"minecraft:potato":586,"minecraft:flint":9,"minecraft:tuff":27,"minecraft:lapis_lazuli":497,"minecraft:dirt":6596,"minecraft:lantern":7,"minecraft:leather_boots":1,"minecraft:bone":37,"minecraft:bow":1,"minecraft:stonecutter":1,"minecraft:wheat_seeds":169,"minecraft:raw_gold":65,"minecraft:cobbled_deepslate_slab":47,"minecraft:bell":1,"minecraft:grindstone":1,"minecraft:fletching_table":4,"minecraft:powered_rail":8,"minecraft:oak_planks":56,"minecraft:mossy_cobblestone":30,"minecraft:dispenser":10,"minecraft:diamond":201,"minecraft:granite":33,"minecraft:bone_meal":153,"minecraft:emerald":57,"minecraft:oak_sapling":6,"minecraft:bricks":2,"minecraft:netherrack":12,"minecraft:diamond_pickaxe":2,"minecraft:crafting_table":8,"minecraft:azure_bluet":4,"minecraft:chicken":6,"minecraft:clay_ball":16,"minecraft:chest_minecart":1,"minecraft:shield":1,"minecraft:cornflower":2,"minecraft:oak_trapdoor":5,"minecraft:iron_axe":2,"minecraft:blackstone":18,"minecraft:detector_rail":1,"minecraft:beef":5,"minecraft:observer":3,"minecraft:poppy":5,"minecraft:minecart":3,"minecraft:lectern":25,"minecraft:sugar_cane":66,"minecraft:chest":2,"minecraft:birch_sapling":8,"minecraft:egg":7,"minecraft:raw_iron":251,"minecraft:oak_door":5,"minecraft:copper_ingot":1,"minecraft:carrot":296,"minecraft:redstone":326,"minecraft:arrow":29,"minecraft:beetroot_seeds":19,"minecraft:nether_bricks":4,"minecraft:deepslate_bricks":16,"minecraft:hay_block":50,"minecraft:glow_berries":12,"minecraft:mutton":15,"minecraft:rail":73,"minecraft:white_wool":9,"minecraft:bone_block":24,"minecraft:oxeye_daisy":1,"minecraft:basalt":67,"minecraft:leather":6,"minecraft:birch_planks":9,"minecraft:oak_log":127,"minecraft:cobblestone_wall":1,"minecraft:yellow_bed":3,"minecraft:gunpowder":23,"minecraft:cobblestone_stairs":13,"minecraft:stone_bricks":1,"minecraft:oak_fence_gate":1,"minecraft:iron_ingot":66,"minecraft:stripped_oak_wood":3,"minecraft:book":3,"minecraft:pumpkin":4,"minecraft:quartz":255,"minecraft:dandelion":16,"minecraft:dripstone_block":10,"minecraft:gravel":47,"minecraft:blast_furnace":3,"minecraft:spruce_sapling":133,"minecraft:white_bed":7,"minecraft:spruce_log":1511,"minecraft:crying_obsidian":3,"minecraft:spider_eye":4,"minecraft:diamond_shovel":1,"minecraft:slime_ball":3,"minecraft:terracotta":2,"minecraft:black_wool":2,"minecraft:coal":224,"minecraft:hopper":4,"minecraft:ender_pearl":1}},"DataVersion":3839}