{"stats":{"minecraft:broken":{"minecraft:stone_pickaxe":1,"minecraft:wooden_sword":1},"minecraft:mined":{"minecraft:mud_brick_slab":4,"minecraft:crafting_table":3,"minecraft:granite":19,"minecraft:cobblestone":9,"minecraft:mud_bricks":43,"minecraft:bricks":1,"minecraft:spawner":1,"minecraft:red_terracotta":28,"minecraft:coarse_dirt":1,"minecraft:blue_terracotta":27,"minecraft:furnace":1,"minecraft:packed_mud":9,"minecraft:brown_stained_glass":1,"minecraft:birch_log":34,"minecraft:iron_ore":11,"minecraft:yellow_glazed_terracotta":20,"minecraft:oak_log":21,"minecraft:coal_ore":1,"minecraft:gravel":3,"minecraft:cobweb":25,"minecraft:stone":86,"minecraft:oak_leaves":1,"minecraft:yellow_terracotta":11},"minecraft:used":{"minecraft:stone_pickaxe":253,"minecraft:wooden_pickaxe":23,"minecraft:white_wool":3,"minecraft:mutton":4,"minecraft:crafting_table":3,"minecraft:oak_log":2,"minecraft:wooden_axe":7,"minecraft:stone_axe":45,"minecraft:wooden_sword":35,"minecraft:cobblestone":17,"minecraft:beef":2,"minecraft:furnace":1,"minecraft:porkchop":3},"minecraft:picked_up":{"minecraft:wooden_axe":1,"minecraft:birch_log":34,"minecraft:coarse_dirt":1,"minecraft:mud_brick_slab":4,"minecraft:crafting_table":3,"minecraft:mud_bricks":43,"minecraft:leather":1,"minecraft:wooden_pickaxe":1,"minecraft:packed_mud":9,"minecraft:oak_log":21,"minecraft:yellow_glazed_terracotta":20,"minecraft:string":25,"minecraft:iron_ingot":2,"minecraft:beef":2,"minecraft:furnace":1,"minecraft:raw_iron":11,"minecraft:gravel":3,"minecraft:porkchop":3,"minecraft:red_terracotta":28,"minecraft:blue_terracotta":27,"minecraft:granite":19,"minecraft:yellow_terracotta":11,"minecraft:coal":1,"minecraft:mutton":4,"minecraft:bricks":1,"minecraft:white_wool":3,"minecraft:cobblestone":95},"minecraft:dropped":{"minecraft:wooden_axe":2,"minecraft:wooden_shovel":1,"minecraft:wooden_pickaxe":2},"minecraft:crafted":{"minecraft:wooden_sword":1,"minecraft:wooden_shovel":1,"minecraft:crafting_table":1,"minecraft:wooden_pickaxe":1,"minecraft:furnace":1,"minecraft:birch_planks":60,"minecraft:stone_axe":1,"minecraft:air":0,"minecraft:stick":16,"minecraft:iron_ingot":3,"minecraft:stone_pickaxe":3,"minecraft:wooden_axe":1},"minecraft:custom":{"minecraft:interact_with_furnace":2,"minecraft:mob_kills":5,"minecraft:interact_with_crafting_table":5,"minecraft:leave_game":2,"minecraft:time_since_death":82758,"minecraft:time_since_rest":82758,"minecraft:sprint_one_cm":60788,"minecraft:damage_taken":145,"minecraft:walk_one_cm":23340,"minecraft:drop":5,"minecraft:damage_dealt":489,"minecraft:swim_one_cm":7106,"minecraft:fly_one_cm":40538,"minecraft:crouch_one_cm":18933,"minecraft:play_time":82758,"minecraft:sneak_time":7051,"minecraft:walk_under_water_one_cm":509,"minecraft:jump":291,"minecraft:walk_on_water_one_cm":839,"minecraft:total_world_time":82758,"minecraft:fall_one_cm":9183},"minecraft:killed":{"minecraft:pig":1,"minecraft:sheep":3,"minecraft:cow":1}},"DataVersion":3839}